{"cameraMode":{"drawMode":0,"name":"Shaded","section":"Shading Mode"},"sceneLighting":true,"audioPlay":false,"sceneViewState":{"showFog":true,"showMaterialUpdate":false,"showSkybox":true,"showFlares":true,"showImageEffects":true,"showParticleSystems":true},"in2DMode":false,"pivot":{"x":1.5083261728286744,"y":0.6127772331237793,"z":0.6301870346069336},"rotation":{"x":-0.16417747735977174,"y":0.06711606681346894,"z":-0.011205516755580902,"w":-0.9840884804725647},"size":6.443869590759277,"orthographic":false}